saharmerah_0 sahor2198 Sahar Merah 0500040038 sahar.merah21@gmail.com 55

amanialharbi34 mno0@987 Amani Al-Harbi 0555573757 mno797@gmail.com 28

ahmadansari65 hamdo@4799 Ahmad Al-Ansari 0574384265 hamadoMe@gmail.com 15

abdullahfalamban_02 abdoo02177 Abdullah Falamban 0574384988 hamadoMe@gmail.com 49

faisalghamdi_89 galfai002121 Faisal Al-Ghamdi 0583764921 faisal.kg@gmail.com 30

laylasharif_00 layalytoday2199 Layla Al-Sharif 0572345897 layla_bk@yahoo.com 28

omarmutairi124 omaromr6654 Omar Al-Mutairi 0564873219 osaleh@hotmail.com 35

reemluqmani679 reemohan9002 Reem Al-Luqmani 0556789432 reem.luq@gmail.com 26

youssefdosari925 Y000s@425 Youssef Al-Dosari 0548932761 youssef.ali@gmail.com 32

aishataie876 altaieeAisshh@3335 Aisha Al-Taie 0532478916 aisha_fh@hotmail.com 48

khaledghamdi87 KHghm95 Khaled Al-Ghamdi 0523487195 khaled.gm@outlook.com 29

mariambukhariB2 bukh@Mar34 Mariam Bukhari 0519472834 mariam_bk@gmail.com 57

nasserhakim86 AzzHakim4545N Nasser Al-Hakim 0583947612 nasser.az@yahoo.com 34











Naya999 N@yona3344 Naya Bokhari 0555573828 Naya22@gmail.com 22
ddd R@nrrm212f ee ee 0555534343 fdvffvrfdcf@gmail.com 22
